{
    "name": "root",
    "metadata": {
        "timer_format_version": "0.1.0",
        "start_time_seconds": "1692051434",
        "python_version": "3.10.12 (main, Jun 11 2023, 05:26:28) [GCC 11.4.0]",
        "command_line_arguments": "/home/aeon/.local/bin/mlagents-learn Assets/ML-Agents/Config/defcon.yaml --force",
        "mlagents_version": "0.30.0",
        "mlagents_envs_version": "0.30.0",
        "communication_protocol_version": "1.5.0",
        "pytorch_version": "1.11.0+cu102",
        "numpy_version": "1.21.2",
        "end_time_seconds": "1692051527"
    },
    "total": 92.61563760900026,
    "count": 1,
    "self": 0.04138270299881697,
    "children": {
        "run_training.setup": {
            "total": 0.07903230000374606,
            "count": 1,
            "self": 0.07903230000374606
        },
        "TrainerController.start_learning": {
            "total": 92.4952226059977,
            "count": 1,
            "self": 0.03321979993052082,
            "children": {
                "TrainerController._reset_env": {
                    "total": 15.568471038001007,
                    "count": 1,
                    "self": 15.568471038001007
                },
                "TrainerController.advance": {
                    "total": 76.42409973006579,
                    "count": 596,
                    "self": 0.025720800113049336,
                    "children": {
                        "env_step": {
                            "total": 74.75909622110339,
                            "count": 596,
                            "self": 73.25558000795718,
                            "children": {
                                "SubprocessEnvManager._take_step": {
                                    "total": 1.4876473131080274,
                                    "count": 596,
                                    "self": 0.08602790117583936,
                                    "children": {
                                        "TorchPolicy.evaluate": {
                                            "total": 1.401619411932188,
                                            "count": 591,
                                            "self": 1.401619411932188
                                        }
                                    }
                                },
                                "workers": {
                                    "total": 0.01586890003818553,
                                    "count": 595,
                                    "self": 0.0,
                                    "children": {
                                        "worker_root": {
                                            "total": 31.867702216957696,
                                            "count": 595,
                                            "is_parallel": true,
                                            "self": 20.563422169878322,
                                            "children": {
                                                "run_training.setup": {
                                                    "total": 0.0,
                                                    "count": 0,
                                                    "is_parallel": true,
                                                    "self": 0.0,
                                                    "children": {
                                                        "steps_from_proto": {
                                                            "total": 0.0019675999938044697,
                                                            "count": 1,
                                                            "is_parallel": true,
                                                            "self": 0.0009330999891972169,
                                                            "children": {
                                                                "_process_rank_one_or_two_observation": {
                                                                    "total": 0.0010345000046072528,
                                                                    "count": 2,
                                                                    "is_parallel": true,
                                                                    "self": 0.0010345000046072528
                                                                }
                                                            }
                                                        },
                                                        "UnityEnvironment.step": {
                                                            "total": 0.19494720100192353,
                                                            "count": 1,
                                                            "is_parallel": true,
                                                            "self": 0.0002299999978276901,
                                                            "children": {
                                                                "UnityEnvironment._generate_step_input": {
                                                                    "total": 0.00026760000037029386,
                                                                    "count": 1,
                                                                    "is_parallel": true,
                                                                    "self": 0.00026760000037029386
                                                                },
                                                                "communicator.exchange": {
                                                                    "total": 0.19372900100279367,
                                                                    "count": 1,
                                                                    "is_parallel": true,
                                                                    "self": 0.19372900100279367
                                                                },
                                                                "steps_from_proto": {
                                                                    "total": 0.0007206000009318814,
                                                                    "count": 1,
                                                                    "is_parallel": true,
                                                                    "self": 0.00040719999378779903,
                                                                    "children": {
                                                                        "_process_rank_one_or_two_observation": {
                                                                            "total": 0.00031340000714408234,
                                                                            "count": 2,
                                                                            "is_parallel": true,
                                                                            "self": 0.00031340000714408234
                                                                        }
                                                                    }
                                                                }
                                                            }
                                                        }
                                                    }
                                                },
                                                "UnityEnvironment.step": {
                                                    "total": 11.304280047079374,
                                                    "count": 594,
                                                    "is_parallel": true,
                                                    "self": 0.11111540075216908,